-- phpMyAdmin SQL Dump
-- version 5.1.1
-- https://www.phpmyadmin.net/
--
-- Host: 127.0.0.1
-- Generation Time: Aug 16, 2021 at 10:55 AM
-- Server version: 10.4.20-MariaDB
-- PHP Version: 8.0.9

SET SQL_MODE = "NO_AUTO_VALUE_ON_ZERO";
START TRANSACTION;
SET time_zone = "+00:00";


/*!40101 SET @OLD_CHARACTER_SET_CLIENT=@@CHARACTER_SET_CLIENT */;
/*!40101 SET @OLD_CHARACTER_SET_RESULTS=@@CHARACTER_SET_RESULTS */;
/*!40101 SET @OLD_COLLATION_CONNECTION=@@COLLATION_CONNECTION */;
/*!40101 SET NAMES utf8mb4 */;

--
-- Database: `kantin`
--

-- --------------------------------------------------------

--
-- Table structure for table `karyawan`
--

CREATE TABLE `karyawan` (
  `id_karyawan` int(11) NOT NULL,
  `nama_karyawan` varchar(100) NOT NULL,
  `jk_karyawan` varchar(10) NOT NULL,
  `no_hp` varchar(13) NOT NULL
) ENGINE=InnoDB DEFAULT CHARSET=utf8mb4;

--
-- Dumping data for table `karyawan`
--

INSERT INTO `karyawan` (`id_karyawan`, `nama_karyawan`, `jk_karyawan`, `no_hp`) VALUES
(1, 'ikhsan', 'pria', '081254786589'),
(2, 'ucup', 'pria', '081278655895'),
(3, 'joko', 'pria', '089514256547'),
(4, 'sri', 'wanita', '089547512578'),
(5, 'agung', 'pria', '081245762589'),
(6, 'ajeng', 'wanita', '089566554257'),
(7, 'marsinah', 'wanita', '0896457821547'),
(8, 'udin', 'pria', '081245785468'),
(9, 'joni', 'pria', '081364521445'),
(10, 'rudy', 'pria', '081344779958');

-- --------------------------------------------------------

--
-- Table structure for table `masakan`
--

CREATE TABLE `masakan` (
  `id_masakan` int(11) NOT NULL,
  `nama_masakan` varchar(100) NOT NULL,
  `harga_masakan` int(11) NOT NULL
) ENGINE=InnoDB DEFAULT CHARSET=utf8mb4;

--
-- Dumping data for table `masakan`
--

INSERT INTO `masakan` (`id_masakan`, `nama_masakan`, `harga_masakan`) VALUES
(1, 'nasi uduk', 7000),
(2, 'nasi bakar', 5000),
(3, 'nasi goreng', 8000),
(4, 'nasi pecel', 8000),
(5, 'siomay', 5000),
(6, 'cimol gaul', 3000),
(7, 'nasi ayam', 10000),
(8, 'mie goreng', 7000),
(9, 'mie rebus', 7000),
(10, 'batagor', 5000),
(11, 'anekbas', 5000),
(12, 'tahu krispi', 5000);

-- --------------------------------------------------------

--
-- Table structure for table `transaksi`
--

CREATE TABLE `transaksi` (
  `id_transaksi` int(11) NOT NULL,
  `tgl_transaksi` timestamp NOT NULL DEFAULT current_timestamp() ON UPDATE current_timestamp(),
  `id_karyawan` int(11) NOT NULL,
  `id_masakan` int(11) NOT NULL,
  `total_harga` int(11) NOT NULL
) ENGINE=InnoDB DEFAULT CHARSET=utf8mb4;

--
-- Dumping data for table `transaksi`
--

INSERT INTO `transaksi` (`id_transaksi`, `tgl_transaksi`, `id_karyawan`, `id_masakan`, `total_harga`) VALUES
(1, '2021-08-14 07:20:32', 1, 1, 7000),
(2, '2021-08-14 07:20:32', 1, 5, 5000),
(3, '2021-08-14 07:20:32', 1, 11, 5000),
(4, '2021-08-14 07:20:32', 1, 7, 10000),
(5, '2021-08-14 07:20:32', 1, 6, 3000),
(6, '2021-08-14 07:20:32', 1, 8, 7000),
(7, '2021-08-14 07:20:32', 1, 9, 7000),
(8, '2021-08-14 07:20:32', 1, 2, 5000),
(9, '2021-08-14 07:20:32', 1, 5, 5000),
(10, '2021-08-14 07:20:32', 1, 12, 5000),
(11, '2021-08-14 07:22:10', 2, 1, 7000),
(12, '2021-08-14 07:22:10', 2, 5, 5000),
(13, '2021-08-14 07:22:10', 2, 11, 5000),
(14, '2021-08-14 07:22:10', 2, 7, 10000),
(15, '2021-08-14 07:22:10', 2, 6, 3000),
(16, '2021-08-14 07:22:10', 2, 8, 7000),
(17, '2021-08-14 07:22:10', 2, 9, 7000),
(18, '2021-08-14 07:22:10', 2, 2, 5000),
(19, '2021-08-14 07:22:10', 2, 5, 5000),
(20, '2021-08-14 07:22:10', 2, 12, 5000),
(21, '2021-08-14 07:23:28', 3, 1, 7000),
(22, '2021-08-14 07:23:28', 3, 5, 5000),
(23, '2021-08-14 07:23:28', 3, 11, 5000),
(24, '2021-08-14 07:23:28', 3, 7, 10000),
(25, '2021-08-14 07:23:28', 3, 6, 3000),
(26, '2021-08-14 07:23:28', 3, 8, 7000),
(27, '2021-08-14 07:23:28', 3, 9, 7000),
(28, '2021-08-14 07:23:28', 3, 2, 5000),
(29, '2021-08-14 07:23:28', 3, 5, 5000),
(30, '2021-08-14 07:23:28', 3, 12, 5000),
(31, '2021-08-14 07:24:08', 4, 1, 7000),
(32, '2021-08-14 07:24:08', 4, 5, 5000),
(33, '2021-08-14 07:24:08', 4, 11, 5000),
(34, '2021-08-14 07:24:08', 4, 7, 10000),
(35, '2021-08-14 07:24:08', 4, 6, 3000),
(36, '2021-08-14 07:24:08', 4, 8, 7000),
(37, '2021-08-14 07:24:08', 4, 9, 7000),
(38, '2021-08-14 07:24:08', 4, 2, 5000),
(39, '2021-08-14 07:24:08', 4, 5, 5000),
(40, '2021-08-14 07:24:08', 4, 12, 5000),
(41, '2021-08-14 07:24:46', 5, 1, 7000),
(42, '2021-08-14 07:24:46', 5, 5, 5000),
(43, '2021-08-14 07:24:46', 5, 11, 5000),
(44, '2021-08-14 07:24:46', 5, 7, 10000),
(45, '2021-08-14 07:24:46', 5, 6, 3000),
(46, '2021-08-14 07:24:46', 5, 8, 7000),
(47, '2021-08-14 07:24:46', 5, 9, 7000),
(48, '2021-08-14 07:24:46', 5, 2, 5000),
(49, '2021-08-14 07:24:46', 5, 5, 5000),
(50, '2021-08-14 07:24:46', 5, 12, 5000),
(51, '2021-08-14 07:25:07', 6, 1, 7000),
(52, '2021-08-14 07:25:07', 6, 5, 5000),
(53, '2021-08-14 07:25:07', 6, 11, 5000),
(54, '2021-08-14 07:25:07', 6, 7, 10000),
(55, '2021-08-14 07:25:07', 6, 6, 3000),
(56, '2021-08-14 07:25:07', 6, 8, 7000),
(57, '2021-08-14 07:25:07', 6, 9, 7000),
(58, '2021-08-14 07:25:07', 6, 2, 5000),
(59, '2021-08-14 07:25:07', 6, 5, 5000),
(60, '2021-08-14 07:25:07', 6, 12, 5000),
(61, '2021-08-14 07:25:29', 7, 1, 7000),
(62, '2021-08-14 07:25:29', 7, 5, 5000),
(63, '2021-08-14 07:25:29', 7, 11, 5000),
(64, '2021-08-14 07:25:29', 7, 7, 10000),
(65, '2021-08-14 07:25:29', 7, 6, 3000),
(66, '2021-08-14 07:25:29', 7, 8, 7000),
(67, '2021-08-14 07:25:29', 7, 9, 7000),
(68, '2021-08-14 07:25:29', 7, 2, 5000),
(69, '2021-08-14 07:25:29', 7, 5, 5000),
(70, '2021-08-14 07:25:29', 7, 12, 5000),
(71, '2021-08-14 07:28:36', 8, 1, 7000),
(72, '2021-08-14 07:28:36', 8, 5, 5000),
(73, '2021-08-14 07:28:36', 8, 11, 5000),
(74, '2021-08-14 07:28:36', 8, 7, 10000),
(75, '2021-08-14 07:28:36', 8, 6, 3000),
(76, '2021-08-14 07:28:36', 8, 8, 7000),
(77, '2021-08-14 07:28:36', 8, 9, 7000),
(78, '2021-08-14 07:28:36', 8, 2, 5000),
(79, '2021-08-14 07:28:36', 8, 5, 5000),
(80, '2021-08-14 07:30:19', 8, 12, 5000),
(81, '2021-08-14 07:29:46', 9, 1, 7000),
(82, '2021-08-14 07:30:54', 9, 5, 5000),
(83, '2021-08-14 07:31:04', 9, 11, 5000),
(84, '2021-08-14 07:31:54', 9, 7, 10000),
(85, '2021-08-14 07:31:55', 9, 6, 3000),
(86, '2021-08-14 07:31:55', 9, 8, 7000),
(87, '2021-08-14 07:31:55', 9, 9, 7000),
(88, '2021-08-14 07:31:55', 9, 2, 5000),
(89, '2021-08-14 07:31:55', 9, 5, 5000),
(90, '2021-08-14 07:31:55', 9, 12, 5000),
(91, '2021-08-14 07:31:21', 10, 1, 7000),
(92, '2021-08-14 07:32:54', 10, 5, 5000),
(93, '2021-08-14 07:32:54', 10, 11, 5000),
(94, '2021-08-14 07:32:54', 10, 7, 10000),
(95, '2021-08-14 07:32:54', 10, 6, 3000),
(96, '2021-08-14 07:32:54', 10, 8, 7000),
(97, '2021-08-14 07:32:54', 10, 9, 7000),
(98, '2021-08-14 07:32:54', 10, 2, 5000),
(99, '2021-08-14 07:32:54', 10, 5, 5000),
(100, '2021-08-14 07:32:54', 10, 12, 5000);

--
-- Indexes for dumped tables
--

--
-- Indexes for table `karyawan`
--
ALTER TABLE `karyawan`
  ADD PRIMARY KEY (`id_karyawan`);

--
-- Indexes for table `masakan`
--
ALTER TABLE `masakan`
  ADD PRIMARY KEY (`id_masakan`);

--
-- Indexes for table `transaksi`
--
ALTER TABLE `transaksi`
  ADD PRIMARY KEY (`id_transaksi`);

--
-- AUTO_INCREMENT for dumped tables
--

--
-- AUTO_INCREMENT for table `karyawan`
--
ALTER TABLE `karyawan`
  MODIFY `id_karyawan` int(11) NOT NULL AUTO_INCREMENT, AUTO_INCREMENT=11;

--
-- AUTO_INCREMENT for table `masakan`
--
ALTER TABLE `masakan`
  MODIFY `id_masakan` int(11) NOT NULL AUTO_INCREMENT, AUTO_INCREMENT=19;

--
-- AUTO_INCREMENT for table `transaksi`
--
ALTER TABLE `transaksi`
  MODIFY `id_transaksi` int(11) NOT NULL AUTO_INCREMENT, AUTO_INCREMENT=101;
COMMIT;

/*!40101 SET CHARACTER_SET_CLIENT=@OLD_CHARACTER_SET_CLIENT */;
/*!40101 SET CHARACTER_SET_RESULTS=@OLD_CHARACTER_SET_RESULTS */;
/*!40101 SET COLLATION_CONNECTION=@OLD_COLLATION_CONNECTION */;
